Date,SMALL LoBM,ME1 BM2,SMALL HiBM,BIG LoBM,ME2 BM2,BIG HiBM
192607,0.507,1.0809,3.1784,0.4517,1.0146,2.239
192608,0.5044,1.0798,3.2414,0.455,1.015,2.2241
192609,0.5048,1.0789,3.2361,0.4589,1.0172,2.2242
192610,0.5029,1.0761,3.2558,0.4621,1.0177,2.2195
192611,0.503,1.0736,3.295,0.4616,1.0152,2.2164
192612,0.5012,1.072,3.293,0.457,1.0152,2.2166
192701,0.4989,1.07,3.3499,0.4597,1.0198,2.2112
192702,0.4979,1.0736,3.417,0.4599,1.0195,2.2176
192703,0.4995,1.072,3.4562,0.4614,1.0204,2.2493
192704,0.4965,1.0748,3.4674,0.4625,1.0229,2.2641
192705,0.4943,1.0791,3.5075,0.4625,1.0244,2.2657
192706,0.4945,1.0808,3.5734,0.4619,1.0246,2.2526
192707,0.5301,1.1015,3.432,0.5187,1.0749,2.3788
192708,0.5299,1.1009,3.4156,0.5153,1.0775,2.3822
192709,0.5352,1.1035,3.3878,0.5111,1.0764,2.3754
192710,0.5348,1.0997,3.3685,0.5089,1.0759,2.3944
192711,0.537,1.1019,3.3664,0.5114,1.0733,2.3589
192712,0.5384,1.0981,3.3744,0.5108,1.074,2.3713
192801,0.5371,1.0992,3.3262,0.5096,1.0745,2.3726
192802,0.5383,1.0978,3.3354,0.5111,1.0749,2.3497
192803,0.5427,1.0964,3.3293,0.5114,1.0754,2.3411
192804,0.5451,1.0962,3.3787,0.5048,1.0752,2.385
192805,0.5501,1.0878,3.5415,0.5079,1.0716,2.4002
192806,0.548,1.0901,3.5456,0.508,1.0723,2.3827
192807,0.4024,0.9284,2.7381,0.3415,0.8825,1.7555
192808,0.403,0.9295,2.7556,0.342,0.8835,1.7579
192809,0.4016,0.9312,2.7137,0.3427,0.8818,1.759
192810,0.3987,0.9342,2.7799,0.342,0.8815,1.7591
192811,0.3977,0.9333,2.7653,0.342,0.8798,1.7515
192812,0.3956,0.9355,2.8173,0.3431,0.8787,1.7532
192901,0.4052,0.9366,2.8201,0.3438,0.8776,1.7439
192902,0.4037,0.9386,2.8346,0.3453,0.8735,1.7419
192903,0.4044,0.9421,2.8177,0.3455,0.8726,1.735
192904,0.4037,0.9471,2.8563,0.343,0.8719,1.7304
192905,0.4014,0.9455,2.808,0.3436,0.8702,1.7258
192906,0.3998,0.9476,2.7727,0.3464,0.8733,1.7476
192907,0.3299,0.7097,2.0998,0.2641,0.7249,1.3813
192908,0.3313,0.7065,2.1015,0.2659,0.726,1.3844
192909,0.3336,0.7077,2.1044,0.267,0.7272,1.3814
192910,0.3347,0.7035,2.0807,0.2694,0.7256,1.3802
192911,0.3405,0.7085,2.0653,0.2715,0.7307,1.3786
192912,0.3421,0.7122,2.0412,0.2713,0.733,1.3766
193001,0.341,0.7116,2.0639,0.2717,0.7336,1.3866
193002,0.3412,0.7097,2.0821,0.2716,0.7336,1.3858
193003,0.3432,0.7093,2.0903,0.2724,0.7316,1.3874
193004,0.3395,0.7149,2.081,0.2724,0.7321,1.3852
193005,0.3391,0.7134,2.0473,0.2719,0.7298,1.3838
193006,0.3407,0.7121,2.0321,0.273,0.73,1.3814
193007,0.5126,1.1616,3.8027,0.414,0.9746,2.0501
193008,0.5119,1.1566,3.7418,0.4118,0.9728,2.0445
193009,0.5135,1.1575,3.7506,0.4105,0.9723,2.0458
193010,0.5107,1.1559,3.7307,0.4109,0.9722,2.0323
193011,0.5101,1.157,3.7811,0.4137,0.9709,2.0236
193012,0.5144,1.1573,3.7513,0.4165,0.9684,2.0248
193101,0.5184,1.1569,3.7606,0.4149,0.9657,2.009
193102,0.5171,1.1536,3.7925,0.4154,0.9701,2.0189
193103,0.522,1.1492,3.8147,0.4126,0.9654,2.0259
193104,0.518,1.1557,3.7886,0.4098,0.9644,2.0231
193105,0.5176,1.1582,3.8295,0.4101,0.9642,2.0177
193106,0.516,1.1568,3.8165,0.4094,0.9602,2.0131
193107,0.7488,1.8958,7.5132,0.5861,1.6428,4.0801
193108,0.747,1.8956,7.4905,0.5857,1.6376,4.0688
193109,0.7465,1.8922,7.3397,0.6017,1.641,4.0805
193110,0.758,1.9127,7.4378,0.6072,1.6031,4.0272
193111,0.7546,1.9101,7.3133,0.6067,1.6109,4.0329
193112,0.7379,1.9129,7.2254,0.607,1.6064,4.0365
193201,0.7477,1.9317,7.1731,0.6036,1.5901,3.993
193202,0.7441,1.9423,7.3376,0.6056,1.6058,4.0092
193203,0.7343,1.9247,7.3795,0.6092,1.5989,4.0312
193204,0.737,1.9285,7.2417,0.6117,1.5888,4.0138
193205,0.7469,1.9119,7.0627,0.6132,1.5986,3.9862
193206,0.7498,1.9336,7.0492,0.6245,1.5798,3.9713
193207,1.2074,3.5957,15.5902,1.0084,3.4407,9.3463
193208,1.198,3.6011,15.532,1.0067,3.4747,9.4296
193209,1.1767,3.6319,15.6916,1.0063,3.5034,9.6485
193210,1.1731,3.6661,15.6561,0.9972,3.5174,9.5911
193211,1.1772,3.6628,15.8422,1.0053,3.5135,9.5071
193212,1.1734,3.6403,15.6009,1.0111,3.5084,9.3344
193301,1.1561,3.61,15.5776,1.0064,3.4595,9.3448
193302,1.1708,3.5956,15.6087,1.0098,3.4731,9.5167
193303,1.2005,3.6323,15.8927,1.0132,3.4756,9.4425
193304,1.1998,3.6635,16.2428,1.0086,3.4662,9.4242
193305,1.1696,3.6359,16.5398,0.9968,3.4777,9.5049
193306,1.1421,3.661,16.0686,0.9945,3.4952,9.6804
193307,1.1971,3.8393,20.8706,1.0604,3.5631,10.7893
193308,1.1888,3.8482,22.6821,1.0617,3.5779,10.8913
193309,1.1972,3.8477,22.4131,1.069,3.5601,10.9689
193310,1.1868,3.8011,21.1746,1.0723,3.5197,10.6362
193311,1.1882,3.7879,20.9403,1.0753,3.4812,10.5546
193312,1.1836,3.7714,20.2497,1.0781,3.4892,10.5234
193401,1.2047,3.7276,20.0543,1.0826,3.5263,10.6504
193402,1.1941,3.773,20.7534,1.0795,3.547,11.0167
193403,1.1998,3.7854,20.6667,1.0853,3.5472,11.0165
193404,1.1907,3.7748,20.8443,1.0844,3.5365,11.0407
193405,1.1956,3.7853,20.6126,1.0836,3.5116,10.9793
193406,1.2028,3.7714,20.3778,1.0814,3.4923,10.8309
193407,0.7179,1.8156,8.7256,0.5689,1.469,4.9292
193408,0.7201,1.8048,8.5811,0.5664,1.4495,4.7773
193409,0.7173,1.816,8.6939,0.5684,1.4531,4.8594
193410,0.72,1.8008,8.6985,0.5674,1.4539,4.8944
193411,0.7195,1.7863,8.6917,0.5647,1.4473,4.8787
193412,0.7257,1.7892,8.243,0.5635,1.4542,4.76
193501,0.7213,1.7867,8.0511,0.5647,1.4569,4.7319
193502,0.7248,1.7885,8.1404,0.5623,1.4524,4.7183
193503,0.7235,1.7858,7.7113,0.5591,1.4438,4.687
193504,0.7235,1.782,7.4497,0.5618,1.4409,4.6612
193505,0.7482,1.7879,7.3955,0.5663,1.4435,4.6762
193506,0.751,1.7806,7.2271,0.5687,1.4436,4.6952
193507,0.639,1.6472,7.7001,0.487,1.4062,5.3411
193508,0.6421,1.6412,7.7361,0.4874,1.4112,5.2449
193509,0.6393,1.6503,8.1036,0.4877,1.4152,5.2731
193510,0.6406,1.6515,7.7357,0.487,1.4154,5.2486
193511,0.6425,1.6536,7.6121,0.4888,1.4208,5.2687
193512,0.6382,1.6577,8.1437,0.4903,1.4208,5.357
193601,0.6368,1.6601,8.0408,0.4897,1.4271,5.3103
193602,0.6356,1.6639,8.3671,0.4905,1.438,5.3496
193603,0.6377,1.6771,8.1969,0.491,1.4349,5.3387
193604,0.6332,1.6743,8.049,0.4896,1.4343,5.2852
193605,0.6356,1.6729,7.921,0.4882,1.4288,5.2935
193606,0.6385,1.6716,8.0144,0.4878,1.4319,5.3541
193607,0.437,1.0621,6.0453,0.3255,0.9453,3.0082
193608,0.4372,1.058,5.9461,0.323,0.9473,3.0136
193609,0.4399,1.0602,5.9838,0.3238,0.9472,3.023
193610,0.4374,1.0598,6.0202,0.3236,0.9494,3.0246
193611,0.4365,1.0626,5.9104,0.322,0.9551,2.9732
193612,0.4373,1.0661,5.6585,0.3241,0.9556,2.9507
193701,0.4396,1.063,5.6905,0.3223,0.9622,2.9474
193702,0.4384,1.0668,5.6347,0.3218,0.9625,2.9582
193703,0.4391,1.0633,5.9208,0.3208,0.964,3.005
193704,0.4413,1.0672,6.0571,0.3205,0.9683,3.061
193705,0.4385,1.0653,5.9763,0.3211,0.9678,3.0936
193706,0.4389,1.0675,5.7964,0.32,0.9672,3.0862
193707,0.3168,0.7202,3.5229,0.2853,0.7002,1.9126
193708,0.3167,0.7195,3.5853,0.2866,0.7001,1.8999
193709,0.3162,0.7201,3.5149,0.2857,0.7,1.8825
193710,0.3172,0.7212,3.5008,0.2852,0.7014,1.8553
193711,0.3182,0.7223,3.5775,0.285,0.7015,1.8122
193712,0.3175,0.7226,3.556,0.2845,0.7034,1.7951
193801,0.3174,0.7241,3.3065,0.2821,0.7022,1.7679
193802,0.32,0.7235,3.3193,0.2824,0.7016,1.7547
193803,0.3187,0.7225,3.3023,0.2831,0.7001,1.7746
193804,0.3213,0.7251,3.0747,0.2823,0.7,1.6885
193805,0.3199,0.7257,3.1701,0.2836,0.7003,1.6885
193806,0.3223,0.7235,3.1432,0.2831,0.7009,1.6958
193807,0.6705,1.5145,7.4433,0.5794,1.3333,4.1247
193808,0.6712,1.503,7.3782,0.5785,1.3318,4.2214
193809,0.6716,1.5045,7.2059,0.5786,1.3318,4.1963
193810,0.6721,1.5056,7.1474,0.5781,1.3314,4.146
193811,0.6697,1.5034,7.0105,0.5782,1.3439,4.2124
193812,0.6712,1.5057,6.7434,0.5789,1.339,4.1908
193901,0.6717,1.5037,6.8198,0.5773,1.3368,4.2794
193902,0.6691,1.5053,6.7778,0.5791,1.3367,4.2111
193903,0.6715,1.5045,6.8336,0.5815,1.3422,4.2266
193904,0.6748,1.5097,6.786,0.5822,1.3328,4.0497
193905,0.6734,1.5062,6.6413,0.5838,1.3324,4.0851
193906,0.6757,1.5092,6.5951,0.5839,1.3337,4.113
193907,0.4605,1.1276,5.4996,0.3787,1.052,3.2842
193908,0.4615,1.1235,5.4078,0.3801,1.0546,3.4007
193909,0.4616,1.1287,5.2898,0.3785,1.0507,3.299
193910,0.4502,1.127,6.5416,0.3818,1.0715,3.416
193911,0.4547,1.1309,6.242,0.3808,1.0675,3.4006
193912,0.4569,1.1355,5.5234,0.3796,1.0597,3.3312
194001,0.4542,1.1328,5.32,0.3789,1.0586,3.3293
194002,0.4528,1.1333,5.2831,0.3788,1.0545,3.2776
194003,0.4531,1.1299,5.256,0.3797,1.0548,3.2719
194004,0.4483,1.1282,5.2518,0.379,1.0572,3.2602
194005,0.443,1.1294,5.1643,0.3787,1.0572,3.2344
194006,0.4516,1.125,5.1798,0.3752,1.0519,3.1043
194007,0.5351,1.2254,5.172,0.4462,1.1358,3.3871
194008,0.5334,1.2243,5.1274,0.4457,1.137,3.3712
194009,0.5316,1.2196,5.0356,0.4447,1.1378,3.3873
194010,0.5322,1.215,4.9404,0.4428,1.1358,3.3932
194011,0.5293,1.2182,4.861,0.4452,1.1433,3.382
194012,0.5278,1.2156,4.6759,0.4485,1.1439,3.3162
194101,0.5276,1.2177,4.5876,0.4481,1.1451,3.2997
194102,0.5314,1.2212,4.7256,0.4504,1.1467,3.3654
194103,0.5287,1.2212,4.7325,0.4515,1.1454,3.3685
194104,0.5284,1.2221,4.8209,0.4509,1.1453,3.3979
194105,0.5267,1.2241,4.8344,0.4501,1.1478,3.4297
194106,0.5275,1.2254,4.8471,0.4499,1.1472,3.4163
194107,0.6265,1.3985,6.6891,0.5175,1.284,3.9506
194108,0.6236,1.4053,7.3502,0.5159,1.287,4.1053
194109,0.6212,1.4042,7.338,0.5162,1.2866,4.1035
194110,0.624,1.4028,6.9596,0.5162,1.2875,4.057
194111,0.6318,1.399,6.8216,0.5176,1.2902,3.9835
194112,0.6315,1.3974,6.5961,0.5165,1.2905,3.9504
194201,0.6334,1.3913,6.4213,0.5108,1.286,3.9694
194202,0.6291,1.4018,8.1057,0.5169,1.2868,4.1132
194203,0.628,1.4028,7.9304,0.5197,1.2868,4.204
194204,0.6292,1.3944,7.6283,0.5193,1.2895,4.1865
194205,0.6307,1.3979,7.7414,0.5154,1.2905,4.1757
194206,0.6323,1.3983,7.3123,0.5156,1.2885,4.1257
194207,0.8546,1.7323,8.5929,0.6746,1.6397,5.1047
194208,0.8564,1.7357,8.6779,0.6773,1.6395,5.2052
194209,0.8573,1.7339,9.0615,0.6786,1.6408,5.2013
194210,0.8583,1.7406,9.8046,0.6766,1.6389,5.269
194211,0.8565,1.7435,9.5548,0.6767,1.6467,5.4145
194212,0.8547,1.7362,8.5954,0.6755,1.6364,5.3723
194301,0.8574,1.7359,8.7737,0.6728,1.637,5.3006
194302,0.8546,1.7408,9.8901,0.6717,1.6407,5.3337
194303,0.8525,1.7425,12.6084,0.6765,1.647,5.4709
194304,0.8514,1.747,11.1692,0.6777,1.6505,5.6605
194305,0.8491,1.7514,11.3474,0.6793,1.652,5.9815
194306,0.8504,1.7528,11.9295,0.6783,1.6521,6.004
194307,0.8277,1.6622,8.1316,0.6727,1.5269,4.7973
194308,0.8293,1.6614,7.9223,0.6745,1.5227,4.6923
194309,0.8271,1.6609,7.7085,0.6757,1.522,4.6643
194310,0.8241,1.6609,7.7069,0.6747,1.5252,4.6904
194311,0.8255,1.661,7.5689,0.6765,1.5271,4.6793
194312,0.8257,1.6591,7.043,0.6759,1.5221,4.5301
194401,0.825,1.6602,7.1104,0.6772,1.526,4.6406
194402,0.8258,1.6625,7.1109,0.678,1.526,4.7166
194403,0.8247,1.6618,7.4121,0.6785,1.5254,4.7933
194404,0.8247,1.6612,7.6065,0.6765,1.5283,4.7955
194405,0.8255,1.6618,7.1832,0.6766,1.5277,4.7342
194406,0.8244,1.6605,7.1952,0.677,1.5296,4.7541
194407,0.6476,1.2772,3.9342,0.5575,1.1441,3.3105
194408,0.649,1.2786,3.9601,0.5574,1.1444,3.3208
194409,0.6536,1.2782,3.889,0.5571,1.1443,3.2905
194410,0.6511,1.2785,3.8583,0.5566,1.1462,3.2951
194411,0.6534,1.2777,3.8126,0.5568,1.1454,3.2919
194412,0.653,1.277,3.832,0.5573,1.1457,3.3157
194501,0.6546,1.2795,4.1279,0.5574,1.1461,3.4544
194502,0.6569,1.2803,4.0241,0.5563,1.1471,3.3608
194503,0.6564,1.2789,4.1615,0.5561,1.1469,3.4224
194504,0.655,1.2792,4.1788,0.5574,1.1466,3.432
194505,0.6541,1.2804,4.315,0.5557,1.1457,3.5184
194506,0.6551,1.2807,4.459,0.5581,1.1453,3.5757
194507,0.5171,1.0086,2.8657,0.4452,0.9274,2.4631
194508,0.5158,1.0095,2.8124,0.4445,0.9266,2.4176
194509,0.5165,1.0069,2.7636,0.4449,0.9261,2.372
194510,0.5184,1.0078,2.7392,0.4428,0.9273,2.4017
194511,0.5161,1.0082,2.7256,0.4426,0.9281,2.3964
194512,0.519,1.0099,2.6775,0.4435,0.9282,2.4527
194601,0.5192,1.0106,2.7288,0.4436,0.9283,2.4489
194602,0.5197,1.0138,2.7656,0.4445,0.9285,2.4684
194603,0.5185,1.0133,2.7433,0.4432,0.9275,2.4549
194604,0.5211,1.0144,2.6556,0.4436,0.9285,2.433
194605,0.5218,1.0131,2.6364,0.4444,0.9296,2.4031
194606,0.5246,1.0128,2.6444,0.4446,0.9292,2.4629
194607,0.3604,0.6956,1.9162,0.3378,0.7007,1.5188
194608,0.3602,0.6966,1.8866,0.3371,0.7013,1.4958
194609,0.3614,0.6966,1.8675,0.3368,0.7017,1.4824
194610,0.3619,0.6971,1.8424,0.3374,0.7022,1.4466
194611,0.3613,0.6971,1.8516,0.3383,0.7034,1.459
194612,0.3625,0.6964,1.8569,0.338,0.7036,1.4599
194701,0.3652,0.6963,1.832,0.3381,0.7024,1.4607
194702,0.3666,0.6968,1.8535,0.3388,0.7025,1.4571
194703,0.3662,0.6961,1.8497,0.3386,0.702,1.4578
194704,0.3667,0.6968,1.8216,0.3387,0.7031,1.4448
194705,0.3671,0.6965,1.7992,0.3384,0.7044,1.4337
194706,0.3676,0.6973,1.7767,0.3386,0.7058,1.4285
194707,0.461,0.8579,2.3866,0.4121,0.8296,2.0344
194708,0.4614,0.8567,2.424,0.4124,0.8296,2.0577
194709,0.4619,0.8565,2.3839,0.4122,0.8287,2.0498
194710,0.461,0.855,2.3678,0.4121,0.8289,2.0568
194711,0.4615,0.8553,2.3304,0.413,0.8285,2.0251
194712,0.4618,0.8546,2.3283,0.4123,0.8281,2.0142
194801,0.4624,0.8538,2.4147,0.4121,0.828,2.0407
194802,0.46,0.854,2.4803,0.4128,0.8281,2.0565
194803,0.4586,0.8541,2.4524,0.4133,0.8282,2.0529
194804,0.458,0.8547,2.4331,0.414,0.8283,2.0512
194805,0.4592,0.8542,2.5111,0.4141,0.828,2.055
194806,0.4608,0.854,2.5231,0.4155,0.8273,2.059
194807,0.576,1.0215,2.6937,0.4931,0.946,2.3457
194808,0.5757,1.0204,2.719,0.4934,0.9459,2.3469
194809,0.5771,1.0196,2.7097,0.4941,0.9461,2.3601
194810,0.5768,1.0188,2.686,0.4933,0.9458,2.3442
194811,0.5783,1.0191,2.7094,0.4937,0.945,2.3356
194812,0.5787,1.0183,2.685,0.4933,0.9434,2.2998
194901,0.5788,1.0183,2.7064,0.492,0.9425,2.2875
194902,0.5787,1.0192,2.684,0.4912,0.9446,2.2765
194903,0.5793,1.0191,2.6381,0.4909,0.9454,2.2558
194904,0.5786,1.0181,2.6339,0.49,0.9463,2.2627
194905,0.5791,1.0179,2.6384,0.4894,0.9461,2.2511
194906,0.5789,1.0176,2.583,0.4892,0.9458,2.2462
194907,0.716,1.2683,3.2104,0.625,1.2074,2.701
194908,0.714,1.2684,3.2233,0.6235,1.2069,2.6921
194909,0.7147,1.2667,3.205,0.6227,1.2062,2.6968
194910,0.7142,1.2677,3.2506,0.6205,1.206,2.7124
194911,0.7132,1.2685,3.2777,0.6195,1.2049,2.6996
194912,0.7178,1.2662,3.2751,0.6191,1.2061,2.7072
195001,0.7218,1.2699,3.3236,0.6165,1.2064,2.7553
195002,0.7212,1.2693,3.3786,0.616,1.2073,2.7844
195003,0.7196,1.2712,3.3627,0.6153,1.2073,2.7929
195004,0.7251,1.2714,3.3926,0.6149,1.2066,2.7964
195005,0.726,1.272,3.4009,0.6122,1.2063,2.7888
195006,0.7264,1.2714,3.3907,0.6125,1.2063,2.7583
195007,0.6522,1.2181,2.9613,0.5343,1.128,2.7417
195008,0.6524,1.2237,3.0694,0.5363,1.1345,2.7836
195009,0.6525,1.2236,3.0265,0.5347,1.1342,2.7638
195010,0.6545,1.2226,3.0336,0.5361,1.1358,2.8037
195011,0.6539,1.2214,3.0452,0.5365,1.135,2.7954
195012,0.6543,1.2207,3.1045,0.5345,1.1354,2.8139
195101,0.649,1.2236,3.239,0.534,1.1378,2.8849
195102,0.6491,1.2216,3.2249,0.5346,1.14,2.9109
195103,0.6499,1.2215,3.2323,0.5347,1.1391,2.9077
195104,0.6523,1.2187,3.1864,0.5346,1.1376,2.8745
195105,0.6528,1.2184,3.1719,0.5323,1.1397,2.8692
195106,0.6533,1.2182,3.1304,0.5312,1.1386,2.8491
195107,0.6312,1.0685,2.2928,0.5225,1.0399,2.0174
195108,0.6325,1.0682,2.3244,0.5216,1.042,2.0359
195109,0.6328,1.0686,2.3085,0.5237,1.0416,2.0255
195110,0.6328,1.0681,2.3217,0.5246,1.0418,2.0429
195111,0.6324,1.0689,2.2912,0.5266,1.0425,2.0237
195112,0.6334,1.0682,2.2921,0.5275,1.0418,2.0402
195201,0.6314,1.0696,2.2902,0.5249,1.042,2.0357
195202,0.6315,1.07,2.3002,0.5276,1.0433,2.0324
195203,0.632,1.0692,2.3023,0.527,1.0432,2.0518
195204,0.6318,1.0698,2.3215,0.5267,1.044,2.0769
195205,0.6305,1.0703,2.3328,0.5278,1.0423,2.0807
195206,0.6314,1.0706,2.3341,0.5263,1.0428,2.093
195207,0.591,1.0802,2.3635,0.5266,0.988,2.3284
195208,0.5883,1.081,2.3599,0.527,0.9877,2.3196
195209,0.5884,1.0809,2.3345,0.5271,0.9875,2.319
195210,0.5867,1.0811,2.313,0.5266,0.9864,2.3163
195211,0.5852,1.0814,2.3266,0.5271,0.9853,2.3209
195212,0.5862,1.0809,2.3343,0.5241,0.9851,2.3444
195301,0.5851,1.0814,2.3508,0.5247,0.9861,2.3517
195302,0.5828,1.0819,2.3529,0.5246,0.9862,2.3635
195303,0.5812,1.0824,2.3453,0.5256,0.9864,2.355
195304,0.5841,1.0824,2.3385,0.5247,0.987,2.3561
195305,0.5846,1.0825,2.3269,0.5247,0.987,2.3531
195306,0.5853,1.0823,2.3559,0.5243,0.9881,2.3774
195307,0.594,1.1058,2.3242,0.5212,1.0067,2.1638
195308,0.5938,1.1043,2.323,0.522,1.0058,2.1623
195309,0.5943,1.1027,2.3043,0.5208,1.0038,2.1424
195310,0.5931,1.1034,2.2974,0.52,1.002,2.1364
195311,0.5939,1.102,2.3012,0.5195,1.0025,2.1321
195312,0.5928,1.1011,2.3041,0.5176,1.0012,2.118
195401,0.5915,1.1012,2.291,0.5172,0.9997,2.1002
195402,0.5906,1.1007,2.2946,0.5191,1.0019,2.1053
195403,0.5909,1.0999,2.2945,0.5188,1.0013,2.1241
195404,0.5888,1.0992,2.2949,0.5172,1.0008,2.1144
195405,0.5894,1.0978,2.3173,0.517,1.0001,2.0937
195406,0.5912,1.0977,2.3073,0.5161,1.0018,2.0935
195407,0.6362,1.2985,3.0014,0.5512,1.1239,2.6314
195408,0.6348,1.2985,2.9907,0.553,1.123,2.6184
195409,0.6354,1.2988,2.999,0.554,1.122,2.6221
195410,0.635,1.2985,2.9771,0.5528,1.1226,2.5986
195411,0.6349,1.2977,2.9739,0.5533,1.1233,2.607
195412,0.6323,1.2995,2.9736,0.5503,1.1251,2.6137
195501,0.6362,1.3015,3.022,0.5505,1.1294,2.6569
195502,0.6354,1.302,3.0675,0.5517,1.1265,2.6407
195503,0.6373,1.3049,3.1225,0.551,1.1283,2.6624
195504,0.634,1.3061,3.0944,0.5507,1.1277,2.6545
195505,0.6341,1.3042,3.1214,0.5476,1.1279,2.6628
195506,0.6344,1.3047,3.1234,0.5456,1.1285,2.6661
195507,0.4805,0.9224,2.0016,0.4254,0.8782,1.8518
195508,0.4797,0.9218,2.011,0.4267,0.8777,1.8587
195509,0.4787,0.9214,2.0135,0.4259,0.8781,1.8465
195510,0.4799,0.9218,2.0143,0.4264,0.8795,1.8448
195511,0.4798,0.9232,2.0102,0.4278,0.8796,1.844
195512,0.4798,0.9215,2.0251,0.4278,0.8798,1.8355
195601,0.4779,0.9212,2.0433,0.4283,0.8798,1.8392
195602,0.4795,0.9231,2.029,0.4303,0.8798,1.8222
195603,0.48,0.923,2.0114,0.4295,0.8802,1.822
195604,0.4808,0.9228,2.0101,0.4313,0.8813,1.8317
195605,0.481,0.9242,2.0249,0.4336,0.8816,1.8277
195606,0.4801,0.9235,2.0122,0.4327,0.8799,1.8145
195607,0.4691,0.8636,1.8364,0.3779,0.8175,1.6614
195608,0.472,0.8633,1.8346,0.3789,0.8156,1.6531
195609,0.4705,0.8643,1.8208,0.3779,0.8156,1.6462
195610,0.4708,0.8675,1.8345,0.3783,0.8151,1.6514
195611,0.4698,0.8675,1.8354,0.3784,0.8149,1.6473
195612,0.4703,0.8679,1.8317,0.38,0.8159,1.6345
195701,0.4674,0.8663,1.843,0.3808,0.8154,1.6342
195702,0.4693,0.8664,1.8392,0.3826,0.8165,1.6384
195703,0.4699,0.8673,1.8389,0.3827,0.8161,1.6351
195704,0.4702,0.8665,1.854,0.3831,0.8165,1.6372
195705,0.4662,0.8667,1.8646,0.3819,0.8164,1.6322
195706,0.4623,0.8662,1.8684,0.3827,0.8168,1.6416
195707,0.5019,0.9304,2.0819,0.4022,0.8512,1.9217
195708,0.5012,0.9309,2.077,0.4019,0.8511,1.923
195709,0.5026,0.9301,2.0602,0.4027,0.8515,1.9213
195710,0.5043,0.9315,2.0398,0.4031,0.851,1.8997
195711,0.5061,0.9317,2.0051,0.403,0.85,1.881
195712,0.506,0.9307,1.996,0.4018,0.8498,1.8584
195801,0.5098,0.9298,1.9846,0.4021,0.8478,1.8427
195802,0.5098,0.9307,2.0047,0.4025,0.8482,1.844
195803,0.5111,0.9308,1.9855,0.4032,0.8472,1.8367
195804,0.5103,0.9311,1.989,0.4039,0.8466,1.8306
195805,0.5093,0.9312,2.0086,0.4053,0.8469,1.8334
195806,0.5082,0.932,2.0171,0.4055,0.8465,1.8297
195807,0.5546,1.1866,2.9174,0.4842,1.0212,2.6833
195808,0.5534,1.1872,2.9418,0.4818,1.022,2.6934
195809,0.5524,1.1863,2.9337,0.4811,1.0216,2.6734
195810,0.5489,1.1888,2.9857,0.4815,1.0217,2.7228
195811,0.5416,1.1874,2.9709,0.4813,1.0209,2.7368
195812,0.5418,1.1841,2.9852,0.4806,1.0201,2.7371
195901,0.5438,1.1837,2.9535,0.4769,1.017,2.7354
195902,0.5424,1.1861,2.9602,0.4778,1.0173,2.71
195903,0.546,1.1854,2.9313,0.4728,1.0153,2.6884
195904,0.5465,1.1825,2.8831,0.4715,1.0164,2.6872
195905,0.5467,1.1813,2.8878,0.4674,1.017,2.7025
195906,0.5495,1.1823,2.8937,0.4642,1.0173,2.6988
195907,0.4173,0.8471,1.8175,0.3488,0.7259,1.6968
195908,0.4141,0.8471,1.8121,0.3493,0.7258,1.6882
195909,0.4153,0.8459,1.8086,0.3498,0.7248,1.6959
195910,0.4153,0.8458,1.8037,0.349,0.7238,1.7104
195911,0.4144,0.8454,1.7865,0.3485,0.7234,1.7005
195912,0.4131,0.8462,1.7804,0.3446,0.7226,1.6974
196001,0.4147,0.8463,1.7728,0.3447,0.7229,1.6961
196002,0.4151,0.8455,1.7788,0.3458,0.7229,1.7006
196003,0.4159,0.8445,1.7713,0.3433,0.7222,1.6942
196004,0.417,0.8437,1.7667,0.3417,0.7212,1.6762
196005,0.4167,0.8426,1.755,0.3399,0.7203,1.6721
196006,0.4177,0.8433,1.7474,0.3362,0.719,1.673
196007,0.3964,0.7753,1.784,0.3024,0.693,1.533
196008,0.3969,0.7749,1.7787,0.3039,0.6936,1.5216
196009,0.3968,0.7741,1.7662,0.3047,0.6944,1.5138
196010,0.3974,0.7738,1.7319,0.3059,0.6943,1.5054
196011,0.3994,0.7739,1.7291,0.3073,0.6941,1.4938
196012,0.397,0.7732,1.7243,0.3064,0.6946,1.4962
196101,0.3943,0.7728,1.7173,0.3068,0.6944,1.4914
196102,0.3953,0.7751,1.7258,0.3077,0.6945,1.4962
196103,0.3946,0.7741,1.726,0.3083,0.6943,1.4967
196104,0.3934,0.773,1.7115,0.3084,0.6941,1.5077
196105,0.3937,0.7734,1.6929,0.3079,0.6944,1.4878
196106,0.3947,0.7741,1.7007,0.3086,0.6944,1.4906
196107,0.3929,0.853,2.0402,0.3579,0.7532,1.7907
196108,0.3928,0.8537,2.0267,0.3604,0.7529,1.7972
196109,0.3949,0.8543,2.0408,0.3582,0.7513,1.8159
196110,0.3964,0.8561,2.0416,0.3569,0.7508,1.8327
196111,0.3967,0.8554,2.051,0.3551,0.7502,1.8199
196112,0.3953,0.8545,2.0329,0.3578,0.7491,1.8324
196201,0.3952,0.8554,2.0104,0.3602,0.7514,1.8217
196202,0.398,0.8552,2.0327,0.3619,0.7531,1.8313
196203,0.3976,0.8558,2.0329,0.363,0.7531,1.8144
196204,0.3981,0.8549,2.0186,0.362,0.7529,1.805
196205,0.4001,0.8577,2.026,0.3655,0.7527,1.8053
196206,0.4007,0.8578,2.0166,0.3686,0.7541,1.7968
196207,0.2988,0.7129,1.7666,0.2775,0.5999,1.4759
196208,0.2962,0.7124,1.7717,0.2749,0.5979,1.4819
196209,0.2937,0.7105,1.7625,0.2748,0.5974,1.4826
196210,0.2954,0.71,1.7571,0.2773,0.5977,1.4784
196211,0.2953,0.7111,1.7558,0.278,0.5969,1.4814
196212,0.2951,0.7125,1.7981,0.2761,0.5988,1.4974
196301,0.2955,0.7108,1.7819,0.2772,0.5979,1.4911
196302,0.2955,0.7129,1.792,0.277,0.5984,1.4887
196303,0.2968,0.7134,1.8043,0.278,0.5983,1.5
196304,0.2975,0.7151,1.8005,0.2784,0.5991,1.4914
196305,0.298,0.7157,1.7827,0.2779,0.6005,1.4977
196306,0.3013,0.7182,1.8085,0.2773,0.6016,1.5171
196307,0.3592,0.8353,2.0697,0.37,0.7513,1.7195
196308,0.3605,0.8351,2.0558,0.3701,0.7507,1.7093
196309,0.3606,0.8343,2.0815,0.3694,0.752,1.7175
196310,0.3619,0.8332,2.0919,0.3697,0.7524,1.7149
196311,0.3625,0.8328,2.0842,0.3681,0.7522,1.6898
196312,0.3637,0.8337,2.0777,0.369,0.7519,1.7101
196401,0.3645,0.8341,2.0743,0.3682,0.7515,1.725
196402,0.3635,0.8346,2.0938,0.3675,0.75,1.7409
196403,0.3639,0.8346,2.1589,0.3662,0.7517,1.7619
196404,0.3639,0.8354,2.1318,0.3656,0.7527,1.7414
196405,0.3656,0.8358,2.1531,0.3675,0.7529,1.7439
196406,0.3663,0.8364,2.1682,0.3661,0.754,1.7559
196407,0.339,0.7616,1.829,0.3302,0.6697,1.4489
196408,0.341,0.7615,1.8205,0.3303,0.6697,1.4423
196409,0.3419,0.7623,1.8018,0.3309,0.6704,1.4365
196410,0.3416,0.7624,1.8579,0.3298,0.6711,1.4472
196411,0.3435,0.7618,1.8753,0.3305,0.6704,1.461
196412,0.3446,0.7614,1.8649,0.3301,0.6702,1.459
196501,0.3434,0.7613,1.855,0.3302,0.6695,1.4601
196502,0.3433,0.7619,1.8614,0.3273,0.671,1.4649
196503,0.3429,0.762,1.8458,0.327,0.6721,1.4714
196504,0.343,0.7632,1.8858,0.3273,0.6732,1.475
196505,0.3448,0.7638,1.8827,0.3258,0.6741,1.4725
196506,0.345,0.7642,1.8641,0.3259,0.674,1.4682
196507,0.325,0.697,1.5678,0.2902,0.6155,1.3595
196508,0.3247,0.6977,1.588,0.2893,0.6168,1.3676
196509,0.3242,0.6975,1.6009,0.2881,0.617,1.3761
196510,0.3242,0.6971,1.5832,0.288,0.6176,1.3774
196511,0.3244,0.6976,1.5756,0.2871,0.619,1.3849
196512,0.3248,0.6971,1.5714,0.2865,0.6205,1.3965
196601,0.3235,0.6962,1.5894,0.2861,0.6218,1.3984
196602,0.323,0.6965,1.5987,0.2856,0.6235,1.4042
196603,0.3215,0.6959,1.6053,0.2843,0.6239,1.4125
196604,0.3196,0.696,1.5866,0.2831,0.625,1.4006
196605,0.3183,0.6963,1.5874,0.2827,0.6259,1.4064
196606,0.3182,0.6971,1.5799,0.2824,0.6251,1.3942
196607,0.2877,0.6022,1.3268,0.2519,0.5863,1.1357
196608,0.2877,0.6014,1.3213,0.2518,0.5865,1.132
196609,0.289,0.6013,1.3218,0.2514,0.5873,1.1276
196610,0.2902,0.6013,1.3223,0.2529,0.5872,1.126
196611,0.2913,0.6013,1.323,0.2541,0.5875,1.1242
196612,0.2885,0.5989,1.3009,0.2504,0.5873,1.1256
196701,0.2864,0.5995,1.298,0.2511,0.5878,1.1273
196702,0.2847,0.6,1.292,0.251,0.5884,1.1316
196703,0.2838,0.5982,1.2976,0.249,0.5882,1.1338
196704,0.2829,0.5972,1.2875,0.2484,0.5886,1.1299
196705,0.2796,0.5976,1.2834,0.247,0.5889,1.1263
196706,0.2805,0.5976,1.2806,0.2478,0.5888,1.1337
196707,0.3466,0.7436,1.5636,0.3027,0.712,1.5812
196708,0.3465,0.7439,1.5615,0.3042,0.7124,1.5789
196709,0.3472,0.7437,1.5626,0.3041,0.7132,1.5799
196710,0.3437,0.7427,1.5551,0.3029,0.7118,1.5767
196711,0.342,0.7426,1.5467,0.2989,0.7114,1.5743
196712,0.342,0.7407,1.5464,0.2974,0.711,1.5787
196801,0.3385,0.739,1.5654,0.2977,0.7112,1.5693
196802,0.3408,0.7393,1.571,0.3011,0.7119,1.5508
196803,0.3432,0.7396,1.5733,0.3008,0.7113,1.5518
196804,0.3437,0.7396,1.5607,0.2977,0.7116,1.5554
196805,0.3406,0.7387,1.57,0.2957,0.7124,1.562
196806,0.3399,0.7377,1.5736,0.2937,0.7122,1.5693
196807,0.2351,0.5726,1.1721,0.2169,0.5619,1.0169
196808,0.2356,0.5731,1.174,0.2189,0.5637,1.0103
196809,0.2358,0.573,1.1747,0.2189,0.5641,1.0095
196810,0.233,0.5716,1.1719,0.2212,0.5642,1.017
196811,0.2343,0.5723,1.1684,0.2241,0.5645,1.0135
196812,0.2335,0.5735,1.162,0.2213,0.564,1.011
196901,0.2334,0.5723,1.1622,0.2217,0.5645,1.0136
196902,0.2343,0.5718,1.1633,0.2225,0.5644,1.0194
196903,0.2359,0.5724,1.1544,0.2223,0.5639,1.0137
196904,0.2352,0.5725,1.1515,0.2219,0.5649,1.0102
196905,0.2356,0.5724,1.1493,0.221,0.5646,0.9921
196906,0.2353,0.5727,1.147,0.2203,0.5651,0.9896
196907,0.2032,0.4728,0.9336,0.1967,0.5006,0.861
196908,0.2036,0.4735,0.9266,0.1961,0.5002,0.8604
196909,0.2035,0.4723,0.9265,0.1955,0.5005,0.8592
196910,0.2029,0.4727,0.9258,0.1953,0.4995,0.8599
196911,0.2013,0.4716,0.9228,0.1949,0.4989,0.8587
196912,0.2014,0.4719,0.9252,0.1938,0.4986,0.8568
197001,0.2007,0.4708,0.9235,0.1928,0.4988,0.856
197002,0.2019,0.4718,0.9264,0.1935,0.4982,0.8598
197003,0.2023,0.472,0.9281,0.194,0.4974,0.8548
197004,0.2041,0.4736,0.9255,0.1951,0.4973,0.8549
197005,0.2079,0.4752,0.9263,0.1959,0.4979,0.854
197006,0.2083,0.4756,0.9219,0.1963,0.5,0.8523
197007,0.2936,0.6924,1.4467,0.2237,0.6968,1.2638
197008,0.2926,0.6928,1.4419,0.2272,0.6983,1.2587
197009,0.2921,0.6927,1.4384,0.2266,0.6964,1.2595
197010,0.2903,0.691,1.4431,0.225,0.6964,1.2667
197011,0.2914,0.6915,1.4436,0.2238,0.6969,1.2602
197012,0.292,0.6925,1.4343,0.2243,0.6965,1.2573
197101,0.2922,0.6926,1.4353,0.2258,0.697,1.2643
197102,0.2939,0.6923,1.4433,0.2266,0.6976,1.2665
197103,0.293,0.6911,1.444,0.2265,0.696,1.2653
197104,0.291,0.6901,1.4418,0.2258,0.695,1.2684
197105,0.2916,0.6913,1.4547,0.2269,0.6937,1.2768
197106,0.2906,0.693,1.4484,0.2268,0.6929,1.2637
197107,0.3552,0.7697,1.7005,0.2846,0.7822,1.4789
197108,0.3559,0.7685,1.7074,0.2853,0.7818,1.4715
197109,0.3564,0.7685,1.7511,0.2858,0.7816,1.4883
197110,0.3555,0.7689,1.7376,0.2851,0.7815,1.4862
197111,0.3553,0.77,1.7048,0.2835,0.7819,1.4823
197112,0.3537,0.7699,1.6822,0.2827,0.7817,1.4806
197201,0.3536,0.7687,1.6934,0.2822,0.781,1.4867
197202,0.3525,0.7681,1.6675,0.2808,0.7812,1.4938
197203,0.353,0.7667,1.6713,0.2794,0.7805,1.4916
197204,0.3533,0.7665,1.6683,0.2792,0.7798,1.4952
197205,0.3528,0.7673,1.6675,0.2786,0.7795,1.4907
197206,0.3512,0.7672,1.6664,0.2765,0.7806,1.4913
197207,0.3179,0.7148,1.5196,0.2401,0.7166,1.2045
197208,0.3191,0.7152,1.5074,0.2382,0.7169,1.2041
197209,0.3202,0.716,1.5163,0.2403,0.7179,1.2019
197210,0.3191,0.7161,1.5112,0.2389,0.7182,1.1959
197211,0.3196,0.7176,1.5124,0.2385,0.7188,1.1922
197212,0.3196,0.7182,1.5172,0.2412,0.7193,1.1975
197301,0.3186,0.7179,1.522,0.2394,0.719,1.1922
197302,0.3203,0.7184,1.5163,0.2373,0.721,1.1881
197303,0.3234,0.7203,1.5232,0.2361,0.7205,1.1906
197304,0.3258,0.7208,1.5269,0.2356,0.7219,1.1936
197305,0.3293,0.7227,1.5187,0.2364,0.7227,1.1903
197306,0.3285,0.7228,1.5087,0.2346,0.722,1.1858
197307,0.294,0.7403,1.5566,0.2271,0.7596,1.3212
197308,0.2901,0.7392,1.5708,0.2283,0.7575,1.3219
197309,0.2879,0.7392,1.5776,0.2288,0.7573,1.3244
197310,0.2876,0.7379,1.5778,0.2331,0.7577,1.327
197311,0.289,0.7376,1.584,0.2325,0.7554,1.3421
197312,0.2936,0.7393,1.6122,0.2299,0.7575,1.3461
197401,0.2916,0.7403,1.6112,0.2316,0.7592,1.3625
197402,0.292,0.7418,1.6234,0.2341,0.7609,1.3572
197403,0.2913,0.7421,1.6184,0.2354,0.7612,1.3587
197404,0.2918,0.7408,1.6111,0.2345,0.7617,1.3571
197405,0.2925,0.7417,1.6077,0.234,0.7613,1.3649
197406,0.2919,0.7428,1.6003,0.2312,0.7618,1.3557
197407,0.5351,1.2631,2.6584,0.3706,1.1511,2.1432
197408,0.5391,1.2631,2.6688,0.3793,1.1542,2.146
197409,0.5384,1.2657,2.683,0.3776,1.1524,2.1487
197410,0.5473,1.2655,2.678,0.3868,1.1556,2.1475
197411,0.543,1.2668,2.6918,0.3831,1.1558,2.1395
197412,0.5441,1.2689,2.6931,0.3852,1.1581,2.1359
197501,0.5435,1.2683,2.6828,0.3889,1.156,2.1249
197502,0.5452,1.2671,2.7085,0.3916,1.1581,2.133
197503,0.5409,1.266,2.7276,0.3829,1.1575,2.1318
197504,0.5425,1.2653,2.7159,0.3823,1.1579,2.1248
197505,0.5412,1.2664,2.7131,0.3827,1.1572,2.1239
197506,0.5384,1.2675,2.7106,0.384,1.1547,2.132
197507,0.8847,1.9317,4.0137,0.6949,1.8129,3.5254
197508,0.8905,1.9327,4.0219,0.7015,1.8072,3.5282
197509,0.8892,1.9319,3.9698,0.7026,1.8107,3.5066
197510,0.8882,1.9323,3.9578,0.707,1.808,3.5041
197511,0.8898,1.9342,3.9396,0.702,1.8062,3.4839
197512,0.8952,1.9359,3.9403,0.6982,1.8082,3.4852
197601,0.8962,1.9351,3.9503,0.7045,1.8078,3.4852
197602,0.8972,1.9374,3.973,0.7036,1.8122,3.5127
197603,0.8969,1.9433,4.022,0.71,1.8095,3.5552
197604,0.8957,1.9431,4.0246,0.7083,1.8089,3.5641
197605,0.8954,1.9425,4.0151,0.7137,1.8096,3.5717
197606,0.8937,1.9419,4.0087,0.7168,1.8084,3.5759
197607,0.6177,1.3843,2.6442,0.5213,1.3429,2.3289
197608,0.6198,1.3854,2.6419,0.5227,1.3425,2.3382
197609,0.6233,1.3851,2.6239,0.522,1.3418,2.3359
197610,0.6243,1.3847,2.6187,0.5239,1.3414,2.322
197611,0.6251,1.3862,2.6171,0.5247,1.3407,2.32
197612,0.6248,1.3858,2.6142,0.5275,1.3408,2.3273
197701,0.6248,1.3853,2.6315,0.5309,1.3409,2.3096
197702,0.6266,1.3848,2.6386,0.5354,1.3434,2.3144
197703,0.6278,1.3857,2.6371,0.5333,1.3439,2.311
197704,0.6259,1.3841,2.6345,0.5339,1.3443,2.3139
197705,0.6264,1.3864,2.6363,0.5398,1.3437,2.3109
197706,0.6265,1.3861,2.6367,0.541,1.3435,2.309
197707,0.5186,1.0887,1.9509,0.4816,1.0668,1.6767
197708,0.5186,1.0897,1.9474,0.4805,1.0687,1.6737
197709,0.5177,1.0897,1.9392,0.4768,1.0679,1.6707
197710,0.5187,1.0889,1.9355,0.4775,1.0686,1.6726
197711,0.5189,1.0891,1.9317,0.4777,1.0686,1.6688
197712,0.5192,1.0878,1.9387,0.4769,1.0684,1.6733
197801,0.5193,1.0874,1.94,0.4764,1.0676,1.6716
197802,0.5194,1.0892,1.944,0.4751,1.0683,1.6765
197803,0.5186,1.0881,1.9445,0.4766,1.0688,1.6724
197804,0.5179,1.0881,1.9597,0.4796,1.0686,1.6738
197805,0.5153,1.0883,1.963,0.4775,1.066,1.6758
197806,0.5149,1.0873,1.9717,0.4771,1.0654,1.6762
197807,0.5441,1.1363,1.9778,0.5315,1.113,1.7516
197808,0.5432,1.1362,1.9836,0.5305,1.1122,1.7551
197809,0.5417,1.1343,1.996,0.5305,1.1118,1.7556
197810,0.5416,1.135,1.9972,0.533,1.1122,1.7569
197811,0.5461,1.1365,1.9695,0.5305,1.1133,1.7479
197812,0.5438,1.1361,1.9637,0.5303,1.114,1.7459
197901,0.5422,1.1335,1.9621,0.5265,1.1137,1.7401
197902,0.5403,1.1342,1.9782,0.5288,1.1132,1.7463
197903,0.5399,1.133,1.9782,0.529,1.1141,1.7428
197904,0.5367,1.133,1.9835,0.5302,1.1124,1.7491
197905,0.5368,1.1332,1.9882,0.5295,1.1112,1.746
197906,0.538,1.1343,1.9952,0.5301,1.1106,1.7451
197907,0.5425,1.1993,2.0673,0.5667,1.2096,1.946
197908,0.5414,1.199,2.0698,0.57,1.2085,1.9505
197909,0.5409,1.1985,2.0742,0.5713,1.2067,1.9534
197910,0.5397,1.1981,2.0691,0.5741,1.2062,1.9529
197911,0.5422,1.197,2.0615,0.5737,1.2047,1.9474
197912,0.5377,1.1969,2.0659,0.5738,1.2052,1.9372
198001,0.5331,1.1966,2.0645,0.5759,1.2045,1.9434
198002,0.5319,1.1965,2.0724,0.5803,1.202,1.9624
198003,0.531,1.196,2.0745,0.5831,1.2003,1.9649
198004,0.5336,1.2005,2.0748,0.5786,1.2016,1.9535
198005,0.5365,1.2,2.0657,0.5796,1.2042,1.943
198006,0.5358,1.2009,2.0701,0.5803,1.2035,1.9435
198007,0.4223,1.1058,1.9233,0.5284,1.0847,1.8252
198008,0.4247,1.1052,1.9286,0.5247,1.0839,1.8412
198009,0.4228,1.1036,1.9279,0.5229,1.083,1.8388
198010,0.4205,1.1033,1.9325,0.5228,1.0784,1.841
198011,0.4179,1.1047,1.9281,0.5236,1.0738,1.8337
198012,0.412,1.1025,1.93,0.5226,1.0648,1.8317
198101,0.4156,1.1037,1.9275,0.5185,1.0683,1.8274
198102,0.4192,1.1027,1.9336,0.5209,1.0732,1.8306
198103,0.4213,1.0993,1.9358,0.5216,1.0745,1.8325
198104,0.4226,1.0985,1.936,0.5211,1.0754,1.8474
198105,0.4248,1.0977,1.9378,0.5189,1.0801,1.8419
198106,0.4204,1.0966,1.9436,0.5152,1.0829,1.8442
198107,0.3343,1.0337,1.9337,0.4412,0.9965,1.8602
198108,0.3342,1.0357,1.9293,0.441,0.9941,1.8569
198109,0.337,1.036,1.9249,0.4396,0.9939,1.8557
198110,0.3405,1.0393,1.9205,0.4407,1.0016,1.8537
198111,0.3381,1.0396,1.9184,0.439,0.9974,1.8466
198112,0.3406,1.0397,1.9165,0.4418,0.9977,1.849
198201,0.344,1.039,1.9158,0.4414,0.9989,1.8512
198202,0.3458,1.0375,1.9193,0.4414,1.0015,1.8503
198203,0.3497,1.0398,1.9214,0.4411,1.006,1.8518
198204,0.3526,1.04,1.9195,0.4442,1.0051,1.852
198205,0.3522,1.0393,1.9227,0.4434,1.0048,1.8569
198206,0.3547,1.0394,1.9265,0.4446,1.0023,1.8628
198207,0.421,1.1031,2.0303,0.5097,1.1192,1.8022
198208,0.4221,1.1024,2.026,0.5094,1.1207,1.8001
198209,0.4236,1.1021,2.0169,0.509,1.122,1.8023
198210,0.4227,1.1022,2.0169,0.5079,1.1202,1.7986
198211,0.4202,1.1022,2.0141,0.5054,1.1236,1.8048
198212,0.4189,1.103,2.0162,0.5028,1.1275,1.8081
198301,0.4192,1.0997,2.0106,0.5039,1.1278,1.8198
198302,0.4166,1.0996,2.0206,0.5032,1.1283,1.8134
198303,0.4182,1.0995,2.023,0.5032,1.1276,1.8171
198304,0.4214,1.0999,2.0239,0.5028,1.1275,1.8199
198305,0.4205,1.1007,2.0352,0.5028,1.1283,1.8301
198306,0.4199,1.0994,2.0377,0.5005,1.1277,1.8284
198307,0.3642,1.0001,1.8078,0.4008,1.0274,1.6565
198308,0.3676,1.0037,1.8033,0.4008,1.0287,1.6571
198309,0.3689,1.005,1.8105,0.4019,1.0309,1.6579
198310,0.3719,1.0049,1.807,0.4017,1.0277,1.6565
198311,0.3754,1.007,1.8014,0.4049,1.0272,1.6577
198312,0.3753,1.0066,1.8039,0.4052,1.0284,1.6469
198401,0.3779,1.0059,1.8065,0.4061,1.0286,1.6495
198402,0.3785,1.0085,1.8131,0.409,1.0307,1.6534
198403,0.3803,1.0097,1.8014,0.4087,1.033,1.6606
198404,0.38,1.0103,1.814,0.4094,1.0317,1.6636
198405,0.3825,1.0086,1.8088,0.4083,1.0306,1.6615
198406,0.3843,1.0117,1.7956,0.4092,1.0304,1.6309
198407,0.3228,0.8064,1.4568,0.3686,0.8202,1.3659
198408,0.3238,0.8087,1.4555,0.3684,0.8205,1.3685
198409,0.3228,0.8078,1.4543,0.3672,0.8205,1.3675
198410,0.3259,0.8066,1.4555,0.3697,0.8233,1.3682
198411,0.3276,0.8085,1.4537,0.3708,0.8204,1.3697
198412,0.329,0.8124,1.4516,0.3723,0.8204,1.3717
198501,0.3291,0.8121,1.4512,0.372,0.8224,1.3717
198502,0.3265,0.8112,1.4555,0.3701,0.8224,1.3699
198503,0.3262,0.8114,1.4562,0.3708,0.823,1.3695
198504,0.3264,0.8132,1.4603,0.3725,0.8225,1.3693
198505,0.3272,0.8153,1.4558,0.3723,0.8237,1.3678
198506,0.3276,0.816,1.4565,0.373,0.822,1.3755
198507,0.3937,0.9132,1.6876,0.4443,0.946,1.5038
198508,0.3945,0.912,1.7019,0.4442,0.9449,1.5062
198509,0.3948,0.9116,1.7021,0.443,0.9458,1.5055
198510,0.3965,0.9134,1.6993,0.4443,0.9446,1.5065
198511,0.3964,0.9119,1.6961,0.4443,0.9486,1.5075
198512,0.3943,0.9106,1.6945,0.4437,0.947,1.5054
198601,0.3941,0.909,1.6986,0.4433,0.9472,1.503
198602,0.3926,0.908,1.7089,0.4434,0.9463,1.5101
198603,0.3936,0.9079,1.6935,0.4447,0.9453,1.513
198604,0.3952,0.9075,1.6923,0.4444,0.9458,1.5147
198605,0.3934,0.9061,1.6706,0.4429,0.9448,1.5149
198606,0.394,0.9066,1.6658,0.4418,0.9463,1.5117
198607,0.3135,0.7595,1.3911,0.3713,0.7937,1.2935
198608,0.3146,0.7598,1.3795,0.372,0.7955,1.2898
198609,0.3157,0.7597,1.3795,0.3729,0.7982,1.2925
198610,0.3154,0.7601,1.3789,0.3735,0.7995,1.2994
198611,0.3165,0.7609,1.3797,0.3731,0.7984,1.2994
198612,0.3171,0.7621,1.3823,0.373,0.7974,1.2977
198701,0.3183,0.7626,1.371,0.3729,0.7978,1.2989
198702,0.3185,0.7627,1.3743,0.3726,0.7989,1.2989
198703,0.3163,0.7622,1.3723,0.3707,0.7957,1.2987
198704,0.315,0.762,1.3735,0.3708,0.7971,1.3029
198705,0.3156,0.7624,1.3777,0.3711,0.7982,1.3035
198706,0.3152,0.7621,1.3919,0.3708,0.7987,1.2969
198707,0.2932,0.7231,1.4034,0.3381,0.727,1.2075
198708,0.2947,0.7226,1.4013,0.3381,0.7272,1.2096
198709,0.2953,0.7218,1.3954,0.3389,0.7264,1.2065
198710,0.2952,0.7223,1.3835,0.3405,0.7286,1.2076
198711,0.2978,0.7273,1.3809,0.3388,0.7331,1.2018
198712,0.3003,0.728,1.3821,0.339,0.7337,1.2029
198801,0.2996,0.7273,1.371,0.34,0.7319,1.2063
198802,0.2987,0.7289,1.3791,0.3399,0.7347,1.2042
198803,0.3006,0.7262,1.3717,0.3396,0.7324,1.2054
198804,0.3015,0.7251,1.371,0.3399,0.7338,1.21
198805,0.3013,0.7255,1.3745,0.3408,0.7339,1.2109
198806,0.3022,0.7256,1.3683,0.3402,0.7352,1.2123
198807,0.3692,0.8598,1.7088,0.359,0.8397,1.4452
198808,0.3697,0.8613,1.6856,0.3582,0.8391,1.4452
198809,0.3704,0.861,1.679,0.3586,0.8421,1.446
198810,0.3706,0.8613,1.6838,0.3579,0.8422,1.4519
198811,0.3708,0.8619,1.6565,0.3591,0.8402,1.4554
198812,0.3729,0.8616,1.6646,0.3578,0.8393,1.4598
198901,0.3723,0.8601,1.6635,0.3564,0.8379,1.4536
198902,0.3751,0.8615,1.6679,0.3556,0.8372,1.4561
198903,0.376,0.8617,1.6623,0.3551,0.8375,1.4583
198904,0.3767,0.8603,1.6666,0.3553,0.8388,1.4571
198905,0.3758,0.8596,1.6718,0.356,0.8456,1.4584
198906,0.3748,0.8595,1.6791,0.3565,0.8476,1.4584
198907,0.3495,0.7658,1.4893,0.3602,0.7688,1.2551
198908,0.3502,0.7647,1.483,0.3596,0.7696,1.2557
198909,0.3511,0.7656,1.4836,0.3607,0.7689,1.256
198910,0.3495,0.7659,1.4804,0.3602,0.7699,1.2554
198911,0.3482,0.7667,1.4706,0.3588,0.7708,1.2505
198912,0.3493,0.7658,1.4669,0.3592,0.7709,1.2494
199001,0.3493,0.7651,1.4587,0.3619,0.7743,1.2486
199002,0.3497,0.7659,1.4498,0.3621,0.7723,1.2505
199003,0.3506,0.7652,1.449,0.362,0.7708,1.2499
199004,0.3499,0.7651,1.4444,0.362,0.7701,1.2495
199005,0.3506,0.7651,1.4383,0.3609,0.7682,1.2473
199006,0.3503,0.7627,1.4376,0.3587,0.7655,1.2471
199007,0.2848,0.7,1.3712,0.2856,0.6788,1.1769
199008,0.2854,0.6992,1.3641,0.285,0.6782,1.1772
199009,0.2864,0.7014,1.3538,0.2832,0.6781,1.1763
199010,0.287,0.7013,1.3389,0.2827,0.677,1.1709
199011,0.2872,0.7025,1.333,0.2816,0.6766,1.1707
199012,0.2862,0.7028,1.3264,0.2813,0.6769,1.169
199101,0.2867,0.7023,1.3208,0.2807,0.6768,1.1683
199102,0.2864,0.7019,1.3293,0.2818,0.6783,1.168
199103,0.2854,0.7005,1.3359,0.2801,0.6778,1.1692
199104,0.2835,0.7005,1.3413,0.2792,0.6769,1.168
199105,0.2834,0.7,1.3446,0.2789,0.6772,1.1667
199106,0.2833,0.6998,1.349,0.2791,0.6776,1.1692
199107,0.3577,0.907,2.1606,0.3312,0.8385,1.5987
199108,0.3567,0.9063,2.1525,0.3279,0.8389,1.5984
199109,0.3556,0.9065,2.1507,0.3262,0.8402,1.5999
199110,0.3537,0.9084,2.1351,0.3256,0.8411,1.5969
199111,0.3513,0.9092,2.1209,0.3241,0.843,1.5966
199112,0.3494,0.9092,2.1066,0.3189,0.8439,1.5917
199201,0.3474,0.9073,2.0986,0.3163,0.8448,1.598
199202,0.3474,0.9069,2.1492,0.319,0.8459,1.6194
199203,0.3491,0.9067,2.1593,0.3198,0.8478,1.63
199204,0.3525,0.9081,2.1475,0.3212,0.8481,1.6343
199205,0.355,0.9086,2.1588,0.3241,0.8463,1.6429
199206,0.3555,0.9094,2.1823,0.323,0.8464,1.642
199207,0.2584,0.6789,1.5147,0.2325,0.6811,1.2759
199208,0.2587,0.679,1.5053,0.2313,0.6805,1.2669
199209,0.2609,0.6798,1.4936,0.2307,0.6806,1.257
199210,0.2614,0.6799,1.4859,0.2332,0.68,1.255
199211,0.2606,0.6787,1.4741,0.2331,0.6797,1.2593
199212,0.2604,0.679,1.4731,0.2339,0.6794,1.2692
199301,0.2616,0.6792,1.4824,0.2358,0.6788,1.2718
199302,0.2636,0.6794,1.4981,0.2381,0.6795,1.2797
199303,0.2668,0.6814,1.5047,0.2407,0.6802,1.2753
199304,0.2675,0.6825,1.5111,0.2417,0.6793,1.2799
199305,0.2677,0.6831,1.5027,0.2429,0.6793,1.2825
199306,0.2662,0.6821,1.5068,0.243,0.6785,1.2832
199307,0.2443,0.6037,1.3122,0.2442,0.6107,1.0285
199308,0.2446,0.6046,1.2985,0.2459,0.6112,1.0279
199309,0.2447,0.6039,1.2974,0.2461,0.6114,1.0272
199310,0.2443,0.6042,1.3091,0.2462,0.6127,1.0272
199311,0.2434,0.6043,1.3089,0.2451,0.6122,1.0264
199312,0.2438,0.6039,1.3055,0.2433,0.6115,1.0269
199401,0.2454,0.6036,1.3151,0.244,0.6107,1.0179
199402,0.2452,0.6033,1.3167,0.2448,0.6105,1.0198
199403,0.2468,0.6022,1.3123,0.2446,0.6094,1.0212
199404,0.2482,0.603,1.3177,0.2453,0.6095,1.019
199405,0.2499,0.6027,1.3273,0.2446,0.6097,1.0195
199406,0.2493,0.6025,1.3265,0.246,0.6094,1.0211
199407,0.2151,0.506,1.0411,0.2245,0.4989,0.8116
199408,0.2143,0.506,1.0482,0.2249,0.4992,0.8099
199409,0.2132,0.5054,1.0515,0.2239,0.4992,0.8084
199410,0.2132,0.5052,1.042,0.2231,0.4998,0.8089
199411,0.2136,0.5047,1.037,0.2227,0.4999,0.8096
199412,0.2138,0.5045,1.0291,0.2217,0.5002,0.8104
199501,0.2148,0.5045,1.0311,0.2219,0.5005,0.8113
199502,0.2154,0.5046,1.027,0.2223,0.5011,0.8103
199503,0.216,0.5048,1.0334,0.2224,0.5006,0.8114
199504,0.2159,0.5042,1.0364,0.2223,0.5003,0.8123
199505,0.2169,0.5042,1.0463,0.2228,0.5002,0.8138
199506,0.2165,0.5045,1.0516,0.2222,0.5007,0.8136
199507,0.2477,0.5655,1.0932,0.2444,0.5454,0.9234
199508,0.2467,0.5656,1.0942,0.2445,0.5448,0.9233
199509,0.2468,0.5662,1.0946,0.244,0.5454,0.9246
199510,0.2467,0.5663,1.0959,0.2435,0.5457,0.925
199511,0.247,0.5675,1.0949,0.2427,0.5457,0.925
199512,0.2454,0.5674,1.0912,0.2417,0.5455,0.9238
199601,0.2446,0.5675,1.0911,0.2425,0.5444,0.9232
199602,0.2458,0.5667,1.0901,0.2418,0.544,0.9237
199603,0.2458,0.5658,1.0888,0.2414,0.5434,0.9234
199604,0.2463,0.5659,1.0875,0.2417,0.5433,0.9201
199605,0.2461,0.5648,1.0792,0.2417,0.5426,0.9208
199606,0.2449,0.5641,1.0778,0.2408,0.5432,0.9205
199607,0.1967,0.496,0.9935,0.2024,0.4753,0.8364
199608,0.2001,0.4968,0.9877,0.2024,0.4748,0.8342
199609,0.1992,0.4967,0.9882,0.2024,0.475,0.8351
199610,0.1982,0.4965,0.9867,0.2018,0.4745,0.8365
199611,0.1995,0.4977,0.9848,0.2022,0.4757,0.8364
199612,0.2011,0.4982,0.9819,0.2019,0.4763,0.8362
199701,0.2009,0.498,0.9822,0.2022,0.4756,0.8365
199702,0.2005,0.4979,0.9827,0.2017,0.4749,0.8359
199703,0.2027,0.4999,0.9825,0.202,0.4762,0.8363
199704,0.2044,0.5002,0.9794,0.2033,0.4746,0.837
199705,0.2054,0.5024,0.9772,0.2015,0.4747,0.8348
199706,0.2051,0.5011,0.9777,0.2012,0.4734,0.8344
199707,0.1931,0.4705,0.9264,0.1897,0.4498,0.8267
199708,0.1941,0.4712,0.9267,0.1898,0.4508,0.827
199709,0.1943,0.4706,0.9279,0.1913,0.4502,0.8249
199710,0.1938,0.4709,0.9291,0.1918,0.4505,0.8254
199711,0.194,0.4715,0.9286,0.1908,0.4513,0.8232
199712,0.1946,0.4727,0.9257,0.1905,0.452,0.823
199801,0.194,0.4743,0.9201,0.191,0.453,0.8216
199802,0.193,0.4737,0.9241,0.1896,0.4526,0.8243
199803,0.1939,0.4734,0.9256,0.1891,0.4528,0.8255
199804,0.1934,0.4732,0.9294,0.1881,0.4536,0.8273
199805,0.1942,0.4727,0.9288,0.188,0.4526,0.824
199806,0.1951,0.4734,0.9294,0.1881,0.4528,0.8289
199807,0.1838,0.4144,0.826,0.1568,0.3917,0.7043
199808,0.1839,0.4142,0.8295,0.1562,0.3915,0.7065
199809,0.1857,0.4149,0.8254,0.1562,0.392,0.7042
199810,0.1843,0.4146,0.8243,0.1553,0.3943,0.7064
199811,0.1848,0.414,0.8212,0.156,0.3921,0.7043
199812,0.1835,0.413,0.8201,0.1551,0.3913,0.705
199901,0.1834,0.4124,0.8197,0.154,0.3926,0.7059
199902,0.1819,0.411,0.8225,0.1521,0.3926,0.7072
199903,0.182,0.412,0.8289,0.1526,0.3917,0.7074
199904,0.1808,0.4105,0.8301,0.1508,0.3915,0.7083
199905,0.1813,0.4097,0.8305,0.1533,0.3903,0.7045
199906,0.182,0.4105,0.8323,0.1537,0.3912,0.7064
199907,0.1917,0.4834,1.0994,0.1413,0.4487,0.9895
199908,0.1918,0.4834,1.0993,0.1418,0.4498,0.9898
199909,0.1912,0.4844,1.0973,0.1394,0.4497,0.9873
199910,0.1909,0.4839,1.1029,0.1391,0.4482,0.9885
199911,0.1892,0.4835,1.0896,0.1386,0.4458,0.9966
199912,0.1859,0.4821,1.0859,0.1359,0.4444,0.9894
200001,0.1844,0.4798,1.0831,0.1338,0.4429,0.9826
200002,0.1855,0.483,1.0867,0.1355,0.442,0.9876
200003,0.1831,0.4805,1.0746,0.1334,0.4402,0.9804
200004,0.1859,0.4817,1.0803,0.1339,0.4434,0.9564
200005,0.1903,0.4809,1.0647,0.1362,0.4462,0.9608
200006,0.1943,0.4816,1.0657,0.1383,0.4475,0.9583
200007,0.1728,0.5705,1.3284,0.128,0.5178,1.1995
200008,0.1777,0.571,1.3286,0.1298,0.5187,1.1867
200009,0.1774,0.5701,1.3126,0.1292,0.5185,1.188
200010,0.1802,0.5704,1.3079,0.1315,0.5209,1.1685
200011,0.1852,0.5691,1.3072,0.1337,0.5205,1.1692
200012,0.193,0.5716,1.2944,0.1377,0.5232,1.1557
200101,0.1993,0.5715,1.2795,0.1416,0.5241,1.1444
200102,0.1928,0.5711,1.3032,0.1398,0.5207,1.0958
200103,0.1986,0.5722,1.3097,0.1458,0.523,1.1015
200104,0.2032,0.5723,1.3175,0.1493,0.5227,1.0986
200105,0.2017,0.5715,1.3286,0.1475,0.5222,1.1032
200106,0.2013,0.5717,1.337,0.1482,0.5225,1.0989
200107,0.2011,0.56,1.689,0.1608,0.5198,1.2678
200108,0.2034,0.5632,1.678,0.1612,0.5208,1.2858
200109,0.2049,0.5639,1.6959,0.1621,0.5208,1.2865
200110,0.2076,0.5657,1.6822,0.1609,0.5233,1.292
200111,0.2056,0.5625,1.6753,0.1601,0.5234,1.2803
200112,0.2043,0.563,1.6763,0.1597,0.5238,1.2796
200201,0.2048,0.563,1.6718,0.1614,0.5235,1.2797
200202,0.2052,0.5641,1.6564,0.1616,0.5242,1.271
200203,0.2069,0.5656,1.6526,0.1622,0.5226,1.2633
200204,0.2076,0.5652,1.6545,0.1639,0.523,1.2606
200205,0.2103,0.5658,1.675,0.1654,0.5238,1.2538
200206,0.2118,0.5675,1.6739,0.1662,0.5243,1.2515
200207,0.2311,0.5419,1.2597,0.1933,0.5209,0.997
200208,0.231,0.5431,1.2544,0.1913,0.5207,0.9943
200209,0.2303,0.5432,1.2424,0.1906,0.5218,0.9944
200210,0.2301,0.5434,1.239,0.19,0.5216,0.9879
200211,0.2278,0.5424,1.233,0.1894,0.5217,0.9914
200212,0.2281,0.5416,1.2299,0.19,0.5219,0.9903
200301,0.2288,0.5428,1.2237,0.1901,0.5237,0.9953
200302,0.2283,0.5431,1.2293,0.1898,0.523,0.9962
200303,0.23,0.5432,1.2327,0.1886,0.5227,0.9943
200304,0.2288,0.5436,1.2325,0.1871,0.5231,0.995
200305,0.2278,0.5429,1.2323,0.1881,0.5228,0.9922
200306,0.2274,0.542,1.2306,0.1896,0.5225,0.9938
200307,0.2798,0.6161,1.4171,0.2342,0.5796,1.0613
200308,0.2798,0.6166,1.4131,0.2357,0.5791,1.0581
200309,0.2801,0.617,1.4104,0.2372,0.5793,1.0619
200310,0.2805,0.6178,1.43,0.2363,0.5794,1.0656
200311,0.281,0.6185,1.4334,0.2382,0.5801,1.0659
200312,0.2809,0.6182,1.4404,0.2383,0.5796,1.0679
200401,0.2813,0.6182,1.4479,0.2388,0.5792,1.0667
200402,0.2829,0.618,1.4594,0.2386,0.58,1.073
200403,0.2835,0.6173,1.4541,0.2381,0.5797,1.0715
200404,0.2832,0.6179,1.4484,0.238,0.577,1.0704
200405,0.2834,0.6174,1.4482,0.2364,0.5772,1.0738
200406,0.2842,0.6171,1.4516,0.2369,0.5773,1.0805
200407,0.2156,0.4793,0.9095,0.2071,0.4613,0.823
200408,0.2175,0.48,0.9107,0.2088,0.461,0.8227
200409,0.2182,0.48,0.9083,0.2091,0.461,0.8217
200410,0.2166,0.48,0.9067,0.2097,0.4614,0.8171
200411,0.217,0.4789,0.9049,0.21,0.4614,0.816
200412,0.2166,0.4789,0.907,0.2103,0.4617,0.8163
200501,0.2164,0.4785,0.9098,0.2093,0.4622,0.8168
200502,0.2171,0.4788,0.9091,0.2092,0.4627,0.8173
200503,0.2167,0.4789,0.9092,0.2106,0.4623,0.8112
200504,0.2181,0.4794,0.9091,0.2105,0.4631,0.8109
200505,0.2187,0.4792,0.9096,0.2103,0.4632,0.8097
200506,0.2193,0.4785,0.9102,0.2097,0.4627,0.8102
200507,0.2084,0.4423,0.8063,0.2119,0.4441,0.7421
200508,0.2084,0.442,0.8066,0.2115,0.444,0.7425
200509,0.2092,0.4421,0.8068,0.2121,0.4444,0.7406
200510,0.2088,0.4415,0.8054,0.2135,0.4448,0.7399
200511,0.209,0.4412,0.8054,0.2129,0.4456,0.74
200512,0.2084,0.4411,0.8051,0.2133,0.4457,0.7399
200601,0.2081,0.441,0.8055,0.2132,0.4464,0.7404
200602,0.2078,0.4405,0.8064,0.2135,0.4461,0.7402
200603,0.2072,0.4404,0.807,0.2133,0.4457,0.7395
200604,0.2075,0.4397,0.8073,0.2137,0.4455,0.74
200605,0.2079,0.4399,0.8062,0.214,0.4459,0.7403
200606,0.208,0.4405,0.8064,0.2141,0.4462,0.7406
200607,0.2047,0.4479,0.8293,0.2102,0.4578,0.7426
200608,0.204,0.4482,0.8271,0.2115,0.4588,0.7434
200609,0.2041,0.4484,0.8272,0.2112,0.4586,0.7449
200610,0.2048,0.4485,0.8279,0.2112,0.4591,0.746
200611,0.2041,0.4483,0.8294,0.2109,0.4591,0.7447
200612,0.2045,0.4491,0.8291,0.2112,0.459,0.7443
200701,0.2043,0.4485,0.8319,0.2119,0.4592,0.7437
200702,0.2039,0.4486,0.8349,0.2112,0.4591,0.7445
200703,0.2044,0.4487,0.8374,0.2113,0.4598,0.7441
200704,0.204,0.4486,0.8388,0.2113,0.4598,0.7424
200705,0.2026,0.4482,0.8399,0.2113,0.4594,0.7429
200706,0.2029,0.447,0.841,0.2113,0.459,0.742
200707,0.1959,0.4362,0.8016,0.2041,0.4327,0.7482
200708,0.1952,0.4355,0.8008,0.2036,0.432,0.7479
200709,0.1948,0.4352,0.7963,0.2037,0.4313,0.7458
200710,0.1949,0.4352,0.793,0.2036,0.4315,0.7471
200711,0.1952,0.4349,0.7913,0.2024,0.4295,0.7434
200712,0.1948,0.4339,0.7891,0.2033,0.4286,0.7438
200801,0.1953,0.434,0.789,0.2035,0.4285,0.743
200802,0.1963,0.4344,0.7891,0.2046,0.4291,0.7394
200803,0.1968,0.4344,0.7887,0.2054,0.4281,0.7401
200804,0.1977,0.4336,0.7907,0.2057,0.4271,0.7427
200805,0.1985,0.4338,0.7913,0.2053,0.4277,0.7426
200806,0.198,0.4337,0.7923,0.2046,0.427,0.7438
200807,0.197,0.4849,1.0428,0.2065,0.4721,0.855
200808,0.1972,0.4856,1.0442,0.2069,0.4712,0.8516
200809,0.1979,0.4857,1.0504,0.2071,0.4704,0.849
200810,0.1986,0.4879,1.0359,0.208,0.4688,0.8427
200811,0.1993,0.4898,1.0211,0.2094,0.466,0.8496
200812,0.2001,0.4915,1.0085,0.211,0.464,0.8514
200901,0.1991,0.4899,1.0108,0.2109,0.4621,0.8443
200902,0.1983,0.4874,1.002,0.2091,0.4626,0.8457
200903,0.1987,0.4864,0.9921,0.2087,0.4609,0.8496
200904,0.1984,0.4854,1.0041,0.208,0.4612,0.8449
200905,0.1981,0.4846,1.015,0.2075,0.4634,0.8481
200906,0.1979,0.484,1.0171,0.2072,0.4634,0.8475
200907,0.318,0.7614,2.0278,0.2904,0.7096,1.5514
200908,0.3187,0.7638,2.0516,0.2919,0.7089,1.5416
200909,0.319,0.7656,2.1029,0.293,0.7104,1.5662
200910,0.3176,0.766,2.1336,0.2915,0.7105,1.5672
200911,0.3199,0.7638,2.1013,0.2909,0.7094,1.5547
200912,0.3188,0.7636,2.1252,0.2909,0.7095,1.5599
201001,0.3192,0.7632,2.1528,0.2917,0.7107,1.555
201002,0.3187,0.7635,2.1451,0.2905,0.7123,1.5694
201003,0.3188,0.7643,2.1573,0.291,0.7133,1.5773
201004,0.3173,0.7648,2.1823,0.2911,0.7134,1.5904
201005,0.3166,0.7656,2.2137,0.2913,0.7123,1.5943
201006,0.317,0.7629,2.2011,0.2911,0.7104,1.5963
201007,0.2466,0.5924,1.2896,0.2459,0.5857,1.1416
201008,0.2466,0.5918,1.2915,0.2454,0.587,1.1442
201009,0.2465,0.5912,1.289,0.245,0.5855,1.1345
201010,0.2464,0.5907,1.2857,0.2445,0.586,1.1379
201011,0.2467,0.5895,1.2807,0.2439,0.5858,1.1367
201012,0.2489,0.5898,1.2737,0.2447,0.5855,1.134
201101,0.2485,0.5902,1.2816,0.2449,0.5863,1.1485
201102,0.2481,0.5905,1.2792,0.2457,0.5867,1.1452
201103,0.2489,0.5904,1.2813,0.2452,0.5856,1.1366
201104,0.2494,0.59,1.2775,0.2443,0.5847,1.1321
201105,0.2496,0.5903,1.2724,0.2444,0.5839,1.1306
201106,0.2498,0.589,1.2702,0.2435,0.5838,1.1266
201107,0.2192,0.5282,1.0694,0.2231,0.5102,0.9585
201108,0.2182,0.5283,1.066,0.2219,0.5092,0.9535
201109,0.2186,0.5291,1.0594,0.2219,0.5102,0.9457
201110,0.2176,0.5301,1.0568,0.2218,0.5098,0.9356
201111,0.2182,0.5298,1.0526,0.2223,0.5086,0.9388
201112,0.2174,0.5302,1.0492,0.2225,0.5082,0.9307
201201,0.2195,0.5309,1.0517,0.223,0.5095,0.9285
201202,0.2179,0.5299,1.0545,0.2215,0.5081,0.9361
201203,0.2176,0.53,1.0545,0.2205,0.5087,0.9372
201204,0.2172,0.5305,1.0546,0.2199,0.5092,0.9416
201205,0.2171,0.5305,1.0569,0.2188,0.5089,0.9353
201206,0.2168,0.531,1.0543,0.2197,0.5108,0.928
201207,0.2403,0.5898,1.2773,0.2492,0.5757,1.3611
201208,0.2419,0.5894,1.2754,0.2497,0.5753,1.3455
201209,0.2437,0.5889,1.2777,0.2495,0.5744,1.3603
201210,0.2434,0.5893,1.284,0.2496,0.5746,1.3698
201211,0.2462,0.589,1.2866,0.251,0.575,1.3882
201212,0.2464,0.5889,1.2778,0.2502,0.5743,1.3861
201301,0.2462,0.5888,1.28,0.251,0.575,1.4121
201302,0.2452,0.5913,1.2843,0.2516,0.5754,1.4032
201303,0.246,0.5919,1.2889,0.252,0.5762,1.3967
201304,0.2459,0.5919,1.291,0.2519,0.5766,1.4025
201305,0.2461,0.592,1.2945,0.2519,0.5764,1.4059
201306,0.2462,0.5914,1.2967,0.2525,0.5761,1.4194
201307,0.2201,0.5522,1.1129,0.2315,0.5211,1.1583
201308,0.2198,0.5519,1.1131,0.2311,0.5217,1.1634
201309,0.2195,0.5511,1.1143,0.2311,0.5215,1.1641
201310,0.219,0.5511,1.1145,0.2303,0.5218,1.1638
201311,0.2197,0.5504,1.1143,0.2302,0.5215,1.1652
201312,0.2193,0.5505,1.1138,0.2303,0.5211,1.1732
201401,0.2196,0.5505,1.112,0.2301,0.5205,1.1711
201402,0.2175,0.5505,1.1148,0.2303,0.5196,1.1714
201403,0.217,0.5505,1.1131,0.2301,0.5193,1.1703
201404,0.2191,0.5507,1.1167,0.2315,0.5204,1.1662
201405,0.2209,0.5511,1.1142,0.2318,0.5211,1.1605
201406,0.2205,0.5509,1.1131,0.2315,0.521,1.1575
201407,0.1688,0.4348,0.8881,0.1913,0.4164,0.8529
201408,0.1681,0.4352,0.8889,0.1916,0.4167,0.8538
201409,0.1682,0.4353,0.8886,0.1908,0.416,0.8553
201410,0.1677,0.4349,0.8851,0.191,0.4156,0.8584
201411,0.1687,0.4348,0.8778,0.1909,0.415,0.8578
201412,0.1686,0.4347,0.8793,0.191,0.4149,0.8575
201501,0.1693,0.4346,0.8786,0.191,0.4145,0.8585
201502,0.1679,0.4341,0.8774,0.1899,0.4146,0.8516
201503,0.1681,0.434,0.8817,0.1897,0.4147,0.856
201504,0.1683,0.4341,0.879,0.1895,0.4143,0.8557
201505,0.1682,0.4342,0.8795,0.1895,0.4149,0.8574
201506,0.168,0.4322,0.8783,0.1887,0.4149,0.8601
201507,0.1581,0.4431,0.9598,0.1615,0.403,0.8834
201508,0.1582,0.4433,0.9457,0.1606,0.4016,0.8834
201509,0.16,0.4435,0.9493,0.1605,0.4029,0.882
201510,0.1614,0.4446,0.9364,0.1608,0.4036,0.8788
201511,0.1616,0.4442,0.9399,0.1605,0.4026,0.8811
201512,0.1609,0.444,0.9339,0.1606,0.4035,0.8833
201601,0.1603,0.4444,0.9287,0.1604,0.4033,0.8829
201602,0.1631,0.4449,0.9227,0.1619,0.4046,0.8738
201603,0.1639,0.4447,0.9242,0.1618,0.404,0.8657
201604,0.1637,0.4449,0.9306,0.1618,0.4043,0.867
201605,0.1624,0.4457,0.936,0.161,0.4053,0.8717
201606,0.162,0.4457,0.9311,0.1612,0.405,0.8742
201607,0.1838,0.4885,1.1394,0.1655,0.4523,0.9991
201608,0.1834,0.4874,1.136,0.1656,0.4513,1.0039
201609,0.1838,0.4884,1.1417,0.1662,0.4517,1.007
201610,0.182,0.4884,1.1448,0.1662,0.4513,1.0088
201611,0.1836,0.4892,1.1365,0.167,0.4523,1.0078
201612,0.1841,0.4917,1.1163,0.1673,0.4528,1.0167
201701,0.1857,0.4908,1.109,0.1673,0.4546,1.0156
201702,0.1844,0.4899,1.1107,0.1673,0.4543,1.0147
201703,0.183,0.4902,1.1068,0.1674,0.4538,1.0147
201704,0.1833,0.4893,1.1018,0.1674,0.4533,1.0141
201705,0.1834,0.4888,1.0967,0.1673,0.4525,1.0132
201706,0.1822,0.4883,1.0939,0.1672,0.452,1.013
201707,0.1737,0.4299,0.9132,0.1583,0.389,0.8086
201708,0.1741,0.4298,0.9092,0.1581,0.3892,0.8094
201709,0.1738,0.4291,0.9112,0.1581,0.3886,0.8079
201710,0.1743,0.4298,0.9045,0.1575,0.3887,0.8088
201711,0.1742,0.4295,0.9028,0.1569,0.3871,0.8108
201712,0.174,0.4285,0.9031,0.1566,0.3873,0.81
201801,0.1746,0.4276,0.9053,0.1564,0.3865,0.8097
201802,0.1745,0.4268,0.9061,0.154,0.3848,0.8094
201803,0.1744,0.4263,0.9012,0.1533,0.3845,0.8113
201804,0.1741,0.4264,0.8985,0.1536,0.3863,0.8095
201805,0.1736,0.4261,0.9013,0.1535,0.3867,0.8098
201806,0.1729,0.4259,0.9029,0.1536,0.3867,0.8077
201807,0.1584,0.4181,0.9311,0.1399,0.4102,0.7613
201808,0.1589,0.4173,0.9322,0.1401,0.4091,0.7609
201809,0.1583,0.4161,0.933,0.139,0.4084,0.7613
201810,0.1584,0.4153,0.9393,0.1387,0.4071,0.7615
201811,0.1595,0.417,0.9386,0.1407,0.4085,0.7583
201812,0.1597,0.4164,0.9344,0.1403,0.4078,0.7566
201901,0.1601,0.4155,0.939,0.1403,0.4074,0.7545
201902,0.1592,0.4151,0.9393,0.1396,0.4076,0.7577
201903,0.1592,0.4141,0.925,0.1385,0.4069,0.7573
201904,0.1588,0.4131,0.9274,0.1382,0.4063,0.7563
201905,0.1594,0.414,0.9233,0.138,0.4057,0.7568
201906,0.1591,0.4135,0.9168,0.1382,0.4057,0.7569
201907,0.1863,0.5365,1.2121,0.1594,0.5546,1.1087
201908,0.1862,0.5352,1.2044,0.1598,0.5547,1.1108
201909,0.1849,0.5345,1.1964,0.1587,0.5543,1.1048
201910,0.1861,0.5355,1.1956,0.1596,0.555,1.1038
201911,0.1856,0.5346,1.1902,0.1595,0.5546,1.1008
201912,0.1825,0.5342,1.1868,0.1597,0.5548,1.1011
202001,0.182,0.5341,1.2008,0.1594,0.5549,1.1004
202002,0.1815,0.5328,1.1812,0.1577,0.5506,1.1006
202003,0.181,0.5313,1.1804,0.1574,0.5496,1.0957
202004,0.1813,0.5308,1.1705,0.1569,0.5448,1.0928
202005,0.1792,0.5297,1.1856,0.1561,0.5449,1.0953
202006,0.1792,0.528,1.1877,0.156,0.5418,1.1002
202007,0.1642,0.4626,1.1351,0.1252,0.4527,0.8969
202008,0.1661,0.4626,1.1404,0.1245,0.4505,0.8961
202009,0.1649,0.4624,1.1485,0.1227,0.4485,0.8938
202010,0.165,0.4626,1.1536,0.1232,0.4466,0.8906
202011,0.1656,0.4611,1.149,0.1248,0.4468,0.8954
202012,0.165,0.462,1.1554,0.1245,0.4483,0.8973
202101,0.1651,0.4617,1.1514,0.1232,0.4479,0.8962
202102,0.1622,0.4619,1.2076,0.1239,0.4494,0.8976
202103,0.1635,0.4612,1.1724,0.1248,0.4517,0.9005
202104,0.1654,0.463,1.1841,0.1261,0.4525,0.8991
202105,0.1649,0.4612,1.1832,0.1259,0.4528,0.8985
202106,0.1647,0.4616,1.2086,0.1268,0.4538,0.9002
202107,0.1347,0.4263,1.208,0.0997,0.4187,0.9681
202108,0.1352,0.4253,1.197,0.0999,0.4176,0.9668
202109,0.1358,0.4261,1.2045,0.1,0.4175,0.9702
202110,0.1366,0.4277,1.2138,0.0997,0.4199,0.9722
202111,0.1357,0.4284,1.2198,0.0987,0.4206,0.971
202112,0.1361,0.4285,1.2137,0.0971,0.4194,0.9674
202201,0.137,0.43,1.213,0.0983,0.4183,0.9643
202202,0.1375,0.4327,1.2258,0.0988,0.4206,0.9651
202203,0.1371,0.4338,1.234,0.0984,0.4208,0.9662
202204,0.1369,0.4338,1.2465,0.0982,0.4205,0.9629
202205,0.1373,0.4347,1.2449,0.0994,0.4215,0.9633
202206,0.1377,0.4361,1.2505,0.1002,0.4238,0.9644
202207,0.1274,0.3692,0.949,0.0897,0.3814,0.7856
202208,0.1277,0.3689,0.9485,0.088,0.3814,0.7825
202209,0.1266,0.3695,0.9553,0.0883,0.382,0.7821
202210,0.1277,0.3688,0.9518,0.0889,0.3804,0.7809
202211,0.1292,0.3702,0.9659,0.0889,0.3803,0.78
202212,0.1278,0.3699,0.9622,0.0898,0.3809,0.7797
202301,0.1279,0.37,0.9691,0.091,0.3801,0.7783
202302,0.1281,0.3679,0.9712,0.0895,0.3811,0.7811
202303,0.1277,0.3681,0.9803,0.0885,0.3814,0.7824
202304,0.1274,0.3666,0.9684,0.0875,0.3798,0.7763
202305,0.1279,0.3663,0.9784,0.0878,0.3806,0.7761
202306,0.1278,0.3666,0.9733,0.0862,0.3799,0.7777
202307,0.1681,0.486,1.1859,0.1257,0.4915,1.0156
202308,0.1672,0.487,1.1865,0.1265,0.4921,1.0138
202309,0.1675,0.4867,1.1956,0.1263,0.4916,1.0092
202310,0.1686,0.4873,1.1961,0.1269,0.493,1.007
202311,0.169,0.4881,1.1877,0.1262,0.4938,1.0043
202312,0.1679,0.4884,1.1848,0.1249,0.4946,1.0077
202401,0.1668,0.4893,1.18,0.1255,0.4947,1.0109
202402,0.1666,0.4888,1.1691,0.125,0.496,1.0168
202403,0.1693,0.4885,1.1783,0.1248,0.4955,1.0133
202404,0.1695,0.49,1.191,0.1261,0.4958,1.0149
202405,0.1698,0.4905,1.1869,0.127,0.4953,1.0165
202406,0.1691,0.4921,1.1894,0.1254,0.4961,1.0137
202407,0.1563,0.4504,1.3904,0.1019,0.4574,0.9053
202408,0.1569,0.4521,1.3432,0.1024,0.4576,0.9036
202409,0.1575,0.451,1.293,0.102,0.4571,0.8981